Buying a House and Land Package: A Guide for First-Time Buyers,
Can A Spouse Be Removed From A Mortgage Without Refinancing,
Can I Buy Off the Plan in Super? Exploring Your Options,
Can Refinancing Save You Money?,
Can You Buy Off the Plan with SMSF? A Detailed Guide,
Can You Remortgage Your Home for Debt Consolidation?,
Do You Pay GST on Settlement Payments?,
Do You Pay Stamp Duty When Buying Off the Plan in Victoria? A Detailed Analysis,
Do You Pay Stamp Duty When Buying Off-the-Plan in Victoria? A Detailed Analysis,
Does Refinancing Cost Money?,
FHSS Scheme: An Overview,
First Home Saver: An Overview of the Scheme,
First-Time Home Buyers in New South Wales: The Grant and Beyond,
First-Time Home Buyers in Queensland: What You Need to Know,
First-Time Home Buyers in Tasmania: What You Need to Know,
Fixed Price House and Land Packages: A Guide for Homebuyers,
GST New Residential Premises 5 Year Rule Explained,
HECS Loans: Understanding the Details,
House and Land Turn-Key Packages: The Convenience of Move-In Ready Homes,
How Do I Avoid Stamp Duty in Victoria? Property Buyers Tips,
How do Land-Home Packages Work? A Guide for Homebuyers,
How Does A Refinancing Work?,
How Long Do You Need To Own A Home Before Refinancing?,
How Many Times Can You Refinance?,
How Much Super Do I Need To Buy An Investment Property,
How Refinancing Works,
How to Avoid GST on Property Sale: Expert Tips,
How to Avoid Paying Capital Gains Tax on Investment Property: Expert Strategies,
How To Refinance For Divorce,
Is Refinancing Easier Than Buying,
Is Stamp Duty Payable on Off the Plan Purchase NSW? A Detailed Analysis,
Is Target Protection Plan Worth It? A Quick Review,
Land Packages: A Guide for Homebuyers,
LMI: What You Need to Know About Upfront Costs,
Loans for Auction Homes: A Guide for Homebuyers,
Loans for Maternity Leave: A Guide for Expecting Parents,
Low LVR Home Loans: A Guide,
Making the Most of Tax Deductions for Pest Control,
Maternity Leave Loans: A Guide,
Maximizing Profits: Investing in NDIS Properties,
NDIS Properties: A Guide to Investment,
NDIS Property Investing: A Guide,
Negative Gearing Calculator: An Overview,
New Residential Property GST: How It Affects Your Investment,
NSW Off the Plan Purchase: Navigating the Property Market,
Off the Plan Purchase Disclosure Statement NSW: Understanding the Details,
Off-the Plan Concession Fixed Percentage Method: A Detailed Guide,
Off-the-Plan Concession Calculator: Estimate Your Savings,
Off-the-Plan Stamp Duty Concession: A Comprehensive Guide,
Purchase Price of the Plan: Understanding the Financial Impact,
Questions To Ask For Refinancing,
Rapid Refinance Mortgage: A Guide to Streamlining the Process,
Refinancing After Building A House,
Securing a Mortgage During Maternity Leave,
Stamp Duty Off-the-Plan VIC: A Comprehensive Guide,
Stamp Duty Off-the-Plan Victoria: A Comprehensive Guide,
Stamp Duty on Off the Plan Purchase VIC: A Comprehensive Guide,
Sunset Clause Off the Plan Purchase: What You Need to Know,
The First Home Super Saver Scheme: An Overview,
Turn-Key House and Land Packages: The Convenience of Move-In Ready Homes,
Understanding GST on Your Off the Plan Purchase,
Understanding LVR: A Key Factor in Mortgage Approval,
What Credit Score Do You Need to Get a Debt Consolidation Loan?,
What is a Land-Home Package? A Guide for Homebuyers,
What is a Reasonable Cooling Off Period? A Detailed Analysis,
What Is The 6 Year Rule for Capital Gains Tax?,
Your Guide To Buying Land Off the Plan,
How To Get Off Mortgage After Divorce,
Who Pays The Mortgage After Divorce?,
How To Refinance Mortgage After Divorce,
What Happens To Your Mortgage When You Get Divorced?,
How To Keep Your House After Divorce,
Do I Have To Pay Mortgage After Divorce?,
How To Get Spouse Off Mortgage After Divorce,
How To Keep A House After Divorce,
What Happens With Mortgage After Divorce,
What To Do With Mortgage When Divorce,
How To Change Mortgage After Divorce,
Do You Have To Refinance A Mortgage After Divorce,
What Happens To Home Loan After Divorce,
What Happens To Mortgage After A Divorce,
How Do I Get My Name Off A Joint Mortgage After Divorce,
Can I Take Over Mortgage After Divorce?,
How To Remove Spouse Off Mortgage After Divorce,
How Do You Buy A House After Divorce?,
How Do I Buy A House After Divorce?,
How To Get A Mortgage After Divorce,
How To Keep Mortgage After Divorce,
Can You Still Have A Joint Mortgage After Divorce?,
What Happens To A Joint Mortgage After Divorce?,
Who Is Responsible For Mortgage After Divorce?,
How Do I Transfer My Mortgage After Divorce?,
How Do I Change My Name On My Mortgage After Divorce?,
Do I Have To Refinance My Mortgage After Divorce?,
Can You Remove Someone's Name From A Mortgage Without Refinancing?,
How To Remove Someone From A Mortgage Without Refinancing,
How To Get Started Investing in NDIS Properties,
A First Home Buyer Guide Buying a House and Land Package,
New House and Land Packages: A Guide for First-Time Buyers,
First-Time Home Buyers in NSW: What You Need to Know,
Understanding LVR: A Key Factor in Mortgage Approval,
Unlocking the Benefits of the First Home Super Saver Scheme,
Boost Your Borrowing Power: Tips and Tricks,
Turn-Key House and Land Packages: The Convenience of Move-In Ready Homes,
LMI: What You Need to Know About Upfront Costs,
Making the Most of Tax Deductions for Pest Control,
House and Land Packages 101: How They Work,
Securing a Mortgage During Maternity Leave,
Making a Positive Return: The Benefits of Positively Geared Properties,
Fortnightly Payments: An Alternative to Monthly Mortgages,
Decoding LVR: What it Means for Homebuyers,
Determining Your Borrowing Power: What You Need to Know,
First Home Saver: An Overview of the Scheme,
Low LVR Home Loans: A Guide,
A Homebuyer's Guide to House and Land Packages,
First-Time Home Buyers in Penrith: What You Need to Know,
The First Home Owners Grant in New South Wales,
NDIS Properties: A Guide to Investment,
Applying for a Mortgage During Maternity Leave,
Investing in NDIS Housing: Opportunities and Challenges,
First-Time Home Buyers' Guide to House and Land Packages,
Land Packages: A Guide for Homebuyers,
The First Home Super Saver Scheme: An Overview,
First-Time Home Buyers in Victoria: The Grant and More,
NDIS Property Investment: What You Need to Know,
Auction Loans: A Guide for Homebuyers,
How do Land-Home Packages Work? A Guide,
Negative Gearing Calculator: An Overview,
SDA Investment: Opportunities and Challenges,
First-Time Home Buyers in New South Wales: What You Need to Know,
First Home Loan in Penrith: A Guide for First-Time Buyers,
Rapid Refinance: Streamlining the Mortgage Process in Australia,
HECS Loans: Understanding the Details,
HECS Debt Limit: What It Means for Homebuyers,
Home Loans in Sydney: A Guide for First-Time Buyers,
First-Time Home Buyers in New South Wales: The Grant and Beyond,
Super First Home Buyer: An Overview of the Scheme,
Buying a House and Land Package: A Guide for First-Time Buyers,
Loans for Maternity Leave: What You Need to Know,
Body Corporate Fees: Understanding the Costs of Strata Living in Australia,
Maternity Leave Loans: A Guide,
Redraw vs Offset: Understanding the Differences,
Rapid Refinance Mortgage: A Guide to Streamlining the Process,
What is a Land-Home Package? A Guide for Homebuyers,
Positive Gearing: A Guide to Investing in Property,
Home Borrowing Power: What You Need to Know,
Lending Capacity Formula: A Rule Of Thumb For Borrowing Power,
Grants for First-Time Home Buyers in New South Wales,
Maternity Leave Loans: A Guide for Expecting Parents,
FHSS Scheme: An Overview,
First-Time Home Buyers Grant in New South Wales,
How do Land-Home Packages Work? A Guide for Homebuyers,
Turn-Key House and Land Packages: A Guide for Homebuyers,
Loans for Maternity Leave: A Guide for Expecting Parents,
Loans for Auction Homes: A Guide for Homebuyers,
Specialist Disability Accommodation Investment: Opportunities and Challenges,
NDIS Property Investing: A Guide,
Low Deposit House and Land Packages: A Guide for Homebuyers,
House and Land Turn-Key Packages: The Convenience of Move-In Ready Homes,
Fixed Price House and Land Packages: A Guide for Homebuyers,
Why You Should Consider Refinancing Your Car Loan: Even With Bad Credit,
Bad Credit? No Problem: How to Find Loans for the Employed,
Looking for a Finance Broker Near You? Here's What to Expect,
Australia's Easiest Banks to Get a Home Loan: A Comprehensive Guide,
Find the Best Finance Broker in Sydney for Your Home Loan Needs,
The Easiest Loans to Get Approved For: A Guide for First-Time Borrowers,
Bad Credit? No Deposit? Here's How to Get Approved for a Home Loan,
Australia's Top Mortgage Brokers: A List You Need to See,
First-Time Homebuyer? Here's the Best Mortgage Broker for You,
"Remortgaging with Bad Credit: Is It Possible, and How?",
Refinancing 101: What Are the Credit Checks Involved?,
Why Use a Finance Broker for Your Home Loan Needs?,
Bad Credit? Here's How a Finance Broker Can Help You Get a Loan,
How Long Does It Take to Get a Loan Through a Broker? Here's What to Expect,
Can a Mortgage Broker Help You Get a Home Loan? Here's What You Need to Know,
Minimum Credit Score for Cash-Out Refinance: What You Need to Know,
"Can I Refinance with a 570 Credit Score? It's Possible, Here's How",
Which Bank Has the Fastest Home Loan Approval? A Comparative Study,
Independent Mortgage Advisor or Bank? What's Better for Your Home Loan Needs,
Do You Have to Pay to See an Independent Mortgage Advisor? The Answer may Surprise You,
